firstname,lastname,email
Melina,Denis,Melina.Denis@yopmail.com
Melisent,Diogenes,Melisent.Diogenes@yopmail.com
Laurene,Grayce,Laurene.Grayce@yopmail.com
Tina,Morrill,Tina.Morrill@yopmail.com
Fredericka,Cloris,Fredericka.Cloris@yopmail.com
Steffane,Katrine,Steffane.Katrine@yopmail.com
Ernesta,Graig,Ernesta.Graig@yopmail.com
Basia,Durante,Basia.Durante@yopmail.com
Laure,My,Laure.My@yopmail.com
Glenda,Durware,Glenda.Durware@yopmail.com
Winny,Kylander,Winny.Kylander@yopmail.com
Perry,Sherfield,Perry.Sherfield@yopmail.com
Lexine,Arquit,Lexine.Arquit@yopmail.com
Meg,Uird,Meg.Uird@yopmail.com
Sindee,Tufts,Sindee.Tufts@yopmail.com
Loree,Solitta,Loree.Solitta@yopmail.com
Sophia,Ehrman,Sophia.Ehrman@yopmail.com
Chickie,Abram,Chickie.Abram@yopmail.com
Hollie,Avi,Hollie.Avi@yopmail.com
Lyssa,Yusuk,Lyssa.Yusuk@yopmail.com
Kirstin,Whittaker,Kirstin.Whittaker@yopmail.com
Mady,Croix,Mady.Croix@yopmail.com
Emelina,Earlie,Emelina.Earlie@yopmail.com
Ileana,Etom,Ileana.Etom@yopmail.com
Johna,Durware,Johna.Durware@yopmail.com
Blondelle,Adamsen,Blondelle.Adamsen@yopmail.com
Ardys,Giule,Ardys.Giule@yopmail.com
Gloria,Sheng,Gloria.Sheng@yopmail.com
Courtnay,Lorenz,Courtnay.Lorenz@yopmail.com
Yolane,Jammal,Yolane.Jammal@yopmail.com
Krystle,Ax,Krystle.Ax@yopmail.com
Tera,Haerr,Tera.Haerr@yopmail.com
Petronia,Toor,Petronia.Toor@yopmail.com
Chrystel,Merna,Chrystel.Merna@yopmail.com
Randa,Sawtelle,Randa.Sawtelle@yopmail.com
Ariela,August,Ariela.August@yopmail.com
Aurore,Dahlia,Aurore.Dahlia@yopmail.com
Bernardine,Leary,Bernardine.Leary@yopmail.com
Mignon,Campball,Mignon.Campball@yopmail.com
Sarette,Cordi,Sarette.Cordi@yopmail.com
Allis,Argus,Allis.Argus@yopmail.com
Rayna,Maroney,Rayna.Maroney@yopmail.com
Hayley,Randene,Hayley.Randene@yopmail.com
Linzy,Dorcy,Linzy.Dorcy@yopmail.com
Olivette,Ricki,Olivette.Ricki@yopmail.com
Caressa,Kussell,Caressa.Kussell@yopmail.com
Imojean,Cosenza,Imojean.Cosenza@yopmail.com
Natka,Myrilla,Natka.Myrilla@yopmail.com
Rhea,Celestine,Rhea.Celestine@yopmail.com
Dulce,Oster,Dulce.Oster@yopmail.com
Katleen,Standing,Katleen.Standing@yopmail.com
Sadie,Amadas,Sadie.Amadas@yopmail.com
Petronia,Forrer,Petronia.Forrer@yopmail.com
Gisela,Ferrell,Gisela.Ferrell@yopmail.com
Farrah,Helfand,Farrah.Helfand@yopmail.com
Diena,Jacqui,Diena.Jacqui@yopmail.com
Rosaline,Vivle,Rosaline.Vivle@yopmail.com
Sam,Chrystel,Sam.Chrystel@yopmail.com
Vonny,Jeanne,Vonny.Jeanne@yopmail.com
Margalo,Aloise,Margalo.Aloise@yopmail.com
Vivia,Destinee,Vivia.Destinee@yopmail.com
Gerrie,Sheedy,Gerrie.Sheedy@yopmail.com
Dennie,Vacuva,Dennie.Vacuva@yopmail.com
Lorne,Maples,Lorne.Maples@yopmail.com
Regina,Urania,Regina.Urania@yopmail.com
Maisey,Eben,Maisey.Eben@yopmail.com
Elena,Slifka,Elena.Slifka@yopmail.com
Inga,Yerkovich,Inga.Yerkovich@yopmail.com
Ekaterina,Brackely,Ekaterina.Brackely@yopmail.com
Lily,Fink,Lily.Fink@yopmail.com
Sara-Ann,Bollay,Sara-Ann.Bollay@yopmail.com
Rori,Seligman,Rori.Seligman@yopmail.com
Jorry,Ellerey,Jorry.Ellerey@yopmail.com
Farrah,Linskey,Farrah.Linskey@yopmail.com
Zaria,Mehalek,Zaria.Mehalek@yopmail.com
Kamilah,Kenney,Kamilah.Kenney@yopmail.com
Charmaine,Payson,Charmaine.Payson@yopmail.com
Libbie,Westphal,Libbie.Westphal@yopmail.com
Sandie,Shaver,Sandie.Shaver@yopmail.com
Rori,Rese,Rori.Rese@yopmail.com
Candi,Carleen,Candi.Carleen@yopmail.com
Tressa,Cherianne,Tressa.Cherianne@yopmail.com
Norine,Kronfeld,Norine.Kronfeld@yopmail.com
Lanna,Goerke,Lanna.Goerke@yopmail.com
Laurene,Cristi,Laurene.Cristi@yopmail.com
Chickie,Reneta,Chickie.Reneta@yopmail.com
Louella,Loleta,Louella.Loleta@yopmail.com
Jaclyn,Whiffen,Jaclyn.Whiffen@yopmail.com
Dione,Lalitta,Dione.Lalitta@yopmail.com
Inga,Zrike,Inga.Zrike@yopmail.com
Tabbatha,Fabiola,Tabbatha.Fabiola@yopmail.com
Valeda,Kenney,Valeda.Kenney@yopmail.com
Estell,Ries,Estell.Ries@yopmail.com
Larine,Susannah,Larine.Susannah@yopmail.com
Jan,Swigart,Jan.Swigart@yopmail.com
Rosanne,Parsaye,Rosanne.Parsaye@yopmail.com
Fayre,Francyne,Fayre.Francyne@yopmail.com
Margette,Sophronia,Margette.Sophronia@yopmail.com
Marjie,Serilda,Marjie.Serilda@yopmail.com
Paola,Johnsson,Paola.Johnsson@yopmail.com
Kamilah,Zuzana,Kamilah.Zuzana@yopmail.com
Albertina,Kaja,Albertina.Kaja@yopmail.com
Candi,Valoniah,Candi.Valoniah@yopmail.com
Evaleen,Malvino,Evaleen.Malvino@yopmail.com
Winifred,Read,Winifred.Read@yopmail.com
Ronna,Kosey,Ronna.Kosey@yopmail.com
Sindee,Ochs,Sindee.Ochs@yopmail.com
Arabel,Caitlin,Arabel.Caitlin@yopmail.com
Lila,Roxanna,Lila.Roxanna@yopmail.com
Kaja,Chandler,Kaja.Chandler@yopmail.com
Carmela,Goldina,Carmela.Goldina@yopmail.com
Andeee,Rosemary,Andeee.Rosemary@yopmail.com
Kara-Lynn,Gaynor,Kara-Lynn.Gaynor@yopmail.com
Eadie,Emmy,Eadie.Emmy@yopmail.com
Fanny,Olympium,Fanny.Olympium@yopmail.com
Hildegaard,Bryna,Hildegaard.Bryna@yopmail.com
Collen,Munn,Collen.Munn@yopmail.com
June,Garbe,June.Garbe@yopmail.com
Marjie,Nea,Marjie.Nea@yopmail.com
Dania,Philoo,Dania.Philoo@yopmail.com
Lorie,Morehouse,Lorie.Morehouse@yopmail.com
Meghann,Alabaster,Meghann.Alabaster@yopmail.com
Fayre,Gombach,Fayre.Gombach@yopmail.com
Celestyna,Holbrook,Celestyna.Holbrook@yopmail.com
Alleen,Yusuk,Alleen.Yusuk@yopmail.com
Katuscha,Chapland,Katuscha.Chapland@yopmail.com
Albertina,Haerr,Albertina.Haerr@yopmail.com
Leeanne,Milde,Leeanne.Milde@yopmail.com
Regina,Stelle,Regina.Stelle@yopmail.com
Estell,Pattin,Estell.Pattin@yopmail.com
Gloria,Bearnard,Gloria.Bearnard@yopmail.com
Annaliese,Gordon,Annaliese.Gordon@yopmail.com
Cristabel,Goerke,Cristabel.Goerke@yopmail.com
Yolane,Pitt,Yolane.Pitt@yopmail.com
Valli,Lorenz,Valli.Lorenz@yopmail.com
Kaia,Fadiman,Kaia.Fadiman@yopmail.com
Leona,Travax,Leona.Travax@yopmail.com
Jany,Solitta,Jany.Solitta@yopmail.com
Madeleine,Ezar,Madeleine.Ezar@yopmail.com
Mignon,Quent,Mignon.Quent@yopmail.com
Kate,Pip,Kate.Pip@yopmail.com
Melina,Tatianas,Melina.Tatianas@yopmail.com
Sadie,Cookie,Sadie.Cookie@yopmail.com
Kaja,Hachmin,Kaja.Hachmin@yopmail.com
Vere,Autrey,Vere.Autrey@yopmail.com
Amara,Remmer,Amara.Remmer@yopmail.com
Bertine,Chem,Bertine.Chem@yopmail.com
Kayla,Syd,Kayla.Syd@yopmail.com
Diena,Eben,Diena.Eben@yopmail.com
Rochette,Erskine,Rochette.Erskine@yopmail.com
Candi,Raul,Candi.Raul@yopmail.com
Valera,Sidonius,Valera.Sidonius@yopmail.com
Binny,Lucienne,Binny.Lucienne@yopmail.com
Starla,Vanni,Starla.Vanni@yopmail.com
Brandise,Fennessy,Brandise.Fennessy@yopmail.com
Margette,Riordan,Margette.Riordan@yopmail.com
Dennie,Berriman,Dennie.Berriman@yopmail.com
Angelique,Dahlia,Angelique.Dahlia@yopmail.com
Jean,Shuler,Jean.Shuler@yopmail.com
Kirbee,Suanne,Kirbee.Suanne@yopmail.com
Sue,Milson,Sue.Milson@yopmail.com
Ada,Raul,Ada.Raul@yopmail.com
Blondelle,Fancie,Blondelle.Fancie@yopmail.com
Daphne,Damarra,Daphne.Damarra@yopmail.com
Tracey,Colleen,Tracey.Colleen@yopmail.com
Maud,Margarete,Maud.Margarete@yopmail.com
Frank,Eliathas,Frank.Eliathas@yopmail.com
Annecorinne,Dituri,Annecorinne.Dituri@yopmail.com
Robbi,Uird,Robbi.Uird@yopmail.com
Aeriela,Ogren,Aeriela.Ogren@yopmail.com
Gavrielle,Hermes,Gavrielle.Hermes@yopmail.com
Sindee,Read,Sindee.Read@yopmail.com
Silvana,Carlson,Silvana.Carlson@yopmail.com
Georgetta,Payson,Georgetta.Payson@yopmail.com
Kayla,Curren,Kayla.Curren@yopmail.com
Marcy,Stilwell,Marcy.Stilwell@yopmail.com
Ilse,Joli,Ilse.Joli@yopmail.com
Nananne,Cottle,Nananne.Cottle@yopmail.com
Starla,Uird,Starla.Uird@yopmail.com
Desirae,Land,Desirae.Land@yopmail.com
Helsa,Goerke,Helsa.Goerke@yopmail.com
Adore,Jacinda,Adore.Jacinda@yopmail.com
Lacie,Hull,Lacie.Hull@yopmail.com
Hollie,Cutlerr,Hollie.Cutlerr@yopmail.com
Lacie,Melan,Lacie.Melan@yopmail.com
Morganica,Natalia,Morganica.Natalia@yopmail.com
Roz,Carolin,Roz.Carolin@yopmail.com
Adelle,Payson,Adelle.Payson@yopmail.com
Sandie,Damarra,Sandie.Damarra@yopmail.com
Wynne,Gunn,Wynne.Gunn@yopmail.com
Nerta,Calhoun,Nerta.Calhoun@yopmail.com
Shandie,Blase,Shandie.Blase@yopmail.com
Helena,Lewes,Helena.Lewes@yopmail.com
Cathyleen,Mallon,Cathyleen.Mallon@yopmail.com
Hildegaard,Ventre,Hildegaard.Ventre@yopmail.com
Bee,An,Bee.An@yopmail.com
Fina,Alisia,Fina.Alisia@yopmail.com
Jerry,Loleta,Jerry.Loleta@yopmail.com
Oona,Firmin,Oona.Firmin@yopmail.com
Rubie,O'Neill,Rubie.O'Neill@yopmail.com
Sybille,Fennessy,Sybille.Fennessy@yopmail.com
Kamilah,Malina,Kamilah.Malina@yopmail.com
Chastity,Dahlia,Chastity.Dahlia@yopmail.com
Berta,Yerkovich,Berta.Yerkovich@yopmail.com
Evaleen,Roarke,Evaleen.Roarke@yopmail.com
Nananne,Frodi,Nananne.Frodi@yopmail.com
Aaren,Ivens,Aaren.Ivens@yopmail.com
Gwyneth,Orlene,Gwyneth.Orlene@yopmail.com
Dotty,Shuler,Dotty.Shuler@yopmail.com
Nollie,Tayib,Nollie.Tayib@yopmail.com
Maridel,Corabella,Maridel.Corabella@yopmail.com
Annecorinne,Noam,Annecorinne.Noam@yopmail.com
Madelle,Crudden,Madelle.Crudden@yopmail.com
Charlena,Rooney,Charlena.Rooney@yopmail.com
Patricia,Ursulette,Patricia.Ursulette@yopmail.com
Raquela,Kinnard,Raquela.Kinnard@yopmail.com
Dagmar,Riordan,Dagmar.Riordan@yopmail.com
Nadine,Dahlia,Nadine.Dahlia@yopmail.com
Kary,Nerita,Kary.Nerita@yopmail.com
Micheline,Meli,Micheline.Meli@yopmail.com
Jennica,Marcellus,Jennica.Marcellus@yopmail.com
Katuscha,Muriel,Katuscha.Muriel@yopmail.com
Janey,Tufts,Janey.Tufts@yopmail.com
Cecile,Tice,Cecile.Tice@yopmail.com
Charissa,Morgun,Charissa.Morgun@yopmail.com
Jeanna,Dom,Jeanna.Dom@yopmail.com
Mellicent,Ricarda,Mellicent.Ricarda@yopmail.com
Marjie,Even,Marjie.Even@yopmail.com
Brianna,Frendel,Brianna.Frendel@yopmail.com
Giustina,Tippets,Giustina.Tippets@yopmail.com
Jasmina,Jeanne,Jasmina.Jeanne@yopmail.com
Ethel,Neva,Ethel.Neva@yopmail.com
Starla,Kare,Starla.Kare@yopmail.com
Marnia,Brittani,Marnia.Brittani@yopmail.com
Moyna,Gillan,Moyna.Gillan@yopmail.com
Caressa,Brian,Caressa.Brian@yopmail.com
Hannis,Simmonds,Hannis.Simmonds@yopmail.com
Leona,Bonilla,Leona.Bonilla@yopmail.com
Olwen,Hanshaw,Olwen.Hanshaw@yopmail.com
Valeda,Ochs,Valeda.Ochs@yopmail.com
Bee,Anselmi,Bee.Anselmi@yopmail.com
Cordi,Lucienne,Cordi.Lucienne@yopmail.com
Arlina,Bivins,Arlina.Bivins@yopmail.com
Genovera,Orelee,Genovera.Orelee@yopmail.com
Steffane,Ehrman,Steffane.Ehrman@yopmail.com
Aurore,Astra,Aurore.Astra@yopmail.com
Edyth,Jerold,Edyth.Jerold@yopmail.com
Estell,Sundin,Estell.Sundin@yopmail.com
Fanny,Croix,Fanny.Croix@yopmail.com
Mallory,Toor,Mallory.Toor@yopmail.com
Sherrie,Jobi,Sherrie.Jobi@yopmail.com
Fred,Raimondo,Fred.Raimondo@yopmail.com
Carly,Felecia,Carly.Felecia@yopmail.com
Dulce,Hepsibah,Dulce.Hepsibah@yopmail.com
Kaja,Muriel,Kaja.Muriel@yopmail.com
Shandie,Joeann,Shandie.Joeann@yopmail.com
Kerrin,Chobot,Kerrin.Chobot@yopmail.com
Lusa,Turne,Lusa.Turne@yopmail.com
Josephine,Leifeste,Josephine.Leifeste@yopmail.com
Ardeen,Pulsifer,Ardeen.Pulsifer@yopmail.com
Aubrie,Kenney,Aubrie.Kenney@yopmail.com
Mallory,Ade,Mallory.Ade@yopmail.com
Nananne,Modie,Nananne.Modie@yopmail.com
Wileen,McLaughlin,Wileen.McLaughlin@yopmail.com
Adele,Cullin,Adele.Cullin@yopmail.com
Margette,Ledah,Margette.Ledah@yopmail.com
Dorene,Xerxes,Dorene.Xerxes@yopmail.com
Kristan,Karl,Kristan.Karl@yopmail.com
Ginnie,Nester,Ginnie.Nester@yopmail.com
Kimmy,Anyah,Kimmy.Anyah@yopmail.com
Damaris,Fulmer,Damaris.Fulmer@yopmail.com
Pierette,Holbrook,Pierette.Holbrook@yopmail.com
Kathi,Codding,Kathi.Codding@yopmail.com
Veda,Honoria,Veda.Honoria@yopmail.com
Nyssa,Valoniah,Nyssa.Valoniah@yopmail.com
Annora,Bahr,Annora.Bahr@yopmail.com
Florencia,Bohlin,Florencia.Bohlin@yopmail.com
Fanchon,Tarrant,Fanchon.Tarrant@yopmail.com
Estell,Codding,Estell.Codding@yopmail.com
Emylee,Philoo,Emylee.Philoo@yopmail.com
Augustine,Liebermann,Augustine.Liebermann@yopmail.com
Katleen,Stelle,Katleen.Stelle@yopmail.com
Heida,Merell,Heida.Merell@yopmail.com
Sindee,Jillane,Sindee.Jillane@yopmail.com
Minda,Huggins,Minda.Huggins@yopmail.com
Kathi,Pearse,Kathi.Pearse@yopmail.com
Vere,Keelia,Vere.Keelia@yopmail.com
Dolli,Bevin,Dolli.Bevin@yopmail.com
Dode,Scammon,Dode.Scammon@yopmail.com
Carolina,Kenney,Carolina.Kenney@yopmail.com
Lorenza,McGrody,Lorenza.McGrody@yopmail.com
Berget,Hanshaw,Berget.Hanshaw@yopmail.com
Lusa,Jeanne,Lusa.Jeanne@yopmail.com
Beatriz,Zetta,Beatriz.Zetta@yopmail.com
Wileen,Vale,Wileen.Vale@yopmail.com
Nataline,Tjon,Nataline.Tjon@yopmail.com
Bobbi,Burkle,Bobbi.Burkle@yopmail.com
Ezmeralda,Mintz,Ezmeralda.Mintz@yopmail.com
Mady,Kosey,Mady.Kosey@yopmail.com
Joelly,Allare,Joelly.Allare@yopmail.com
Briney,Yam,Briney.Yam@yopmail.com
Jacenta,Hashim,Jacenta.Hashim@yopmail.com
Jackie,Eno,Jackie.Eno@yopmail.com
Georgetta,Myrilla,Georgetta.Myrilla@yopmail.com
Morganica,Buckler,Morganica.Buckler@yopmail.com
Barbara,Papageno,Barbara.Papageno@yopmail.com
Daphne,Ader,Daphne.Ader@yopmail.com
Violet,Libna,Violet.Libna@yopmail.com
Fernande,Joeann,Fernande.Joeann@yopmail.com
Kellen,Sidonius,Kellen.Sidonius@yopmail.com
Binny,Randene,Binny.Randene@yopmail.com
Cristabel,Ackerley,Cristabel.Ackerley@yopmail.com
Sarette,Nicoline,Sarette.Nicoline@yopmail.com
Dolli,Tayib,Dolli.Tayib@yopmail.com
Allis,Cleavland,Allis.Cleavland@yopmail.com
Atlanta,Lesley,Atlanta.Lesley@yopmail.com
Margarette,Sophronia,Margarette.Sophronia@yopmail.com
Hildegaard,Ahab,Hildegaard.Ahab@yopmail.com
Olivette,Blake,Olivette.Blake@yopmail.com
Libbie,Hertzfeld,Libbie.Hertzfeld@yopmail.com
Jolyn,Drisko,Jolyn.Drisko@yopmail.com
Raquela,Forrer,Raquela.Forrer@yopmail.com
Karly,Reneta,Karly.Reneta@yopmail.com
Claresta,Kalinda,Claresta.Kalinda@yopmail.com
Sharai,Carolin,Sharai.Carolin@yopmail.com
Goldie,Ephrem,Goldie.Ephrem@yopmail.com
Emmey,Charity,Emmey.Charity@yopmail.com
Nadine,Rogerio,Nadine.Rogerio@yopmail.com
Kathi,Auberbach,Kathi.Auberbach@yopmail.com
Brynna,Amand,Brynna.Amand@yopmail.com
Dede,Weitman,Dede.Weitman@yopmail.com
Ezmeralda,Neva,Ezmeralda.Neva@yopmail.com
Justinn,Japeth,Justinn.Japeth@yopmail.com
Dominga,Ade,Dominga.Ade@yopmail.com
Margalo,Rustice,Margalo.Rustice@yopmail.com
Sheree,Corrine,Sheree.Corrine@yopmail.com
Louella,Chapland,Louella.Chapland@yopmail.com
Roz,Birdella,Roz.Birdella@yopmail.com
Jennica,Orlene,Jennica.Orlene@yopmail.com
Sue,Morrill,Sue.Morrill@yopmail.com
Dolli,Edison,Dolli.Edison@yopmail.com
Agnese,Gaspard,Agnese.Gaspard@yopmail.com
Tina,Leifeste,Tina.Leifeste@yopmail.com
Heida,Moseley,Heida.Moseley@yopmail.com
Dulce,Alejoa,Dulce.Alejoa@yopmail.com
Agathe,Merat,Agathe.Merat@yopmail.com
Meghann,Publia,Meghann.Publia@yopmail.com
Romona,Berriman,Romona.Berriman@yopmail.com
Sharlene,Bevin,Sharlene.Bevin@yopmail.com
Dulce,Hathaway,Dulce.Hathaway@yopmail.com
Coral,Bobbee,Coral.Bobbee@yopmail.com
Carmela,Edison,Carmela.Edison@yopmail.com
Lanna,Nerita,Lanna.Nerita@yopmail.com
Nessie,Jerold,Nessie.Jerold@yopmail.com
Ira,Toni,Ira.Toni@yopmail.com
Deloria,August,Deloria.August@yopmail.com
Cyndie,Melleta,Cyndie.Melleta@yopmail.com
Jackie,Eiser,Jackie.Eiser@yopmail.com
Lonnie,Simmonds,Lonnie.Simmonds@yopmail.com
Hyacinthe,Firmin,Hyacinthe.Firmin@yopmail.com
Alisha,Sperling,Alisha.Sperling@yopmail.com
Rivalee,Borrell,Rivalee.Borrell@yopmail.com
Fred,Nunci,Fred.Nunci@yopmail.com
Dede,Thema,Dede.Thema@yopmail.com
Mara,Thad,Mara.Thad@yopmail.com
Ann-Marie,Syd,Ann-Marie.Syd@yopmail.com
Jacquetta,Bandeen,Jacquetta.Bandeen@yopmail.com
Peri,Schonfeld,Peri.Schonfeld@yopmail.com
Jillayne,Hanshaw,Jillayne.Hanshaw@yopmail.com
Lenna,Nunci,Lenna.Nunci@yopmail.com
Gisela,Leopold,Gisela.Leopold@yopmail.com
Eadie,Dex,Eadie.Dex@yopmail.com
Etta,Pyle,Etta.Pyle@yopmail.com
Elie,Dreda,Elie.Dreda@yopmail.com
Margalo,Bryna,Margalo.Bryna@yopmail.com
Edee,Rocray,Edee.Rocray@yopmail.com
Janey,Munn,Janey.Munn@yopmail.com
Vere,Leary,Vere.Leary@yopmail.com
Paule,Lareena,Paule.Lareena@yopmail.com
Goldie,Rudolph,Goldie.Rudolph@yopmail.com
Merrie,Susannah,Merrie.Susannah@yopmail.com
Renae,Valerio,Renae.Valerio@yopmail.com
Ermengarde,Celestine,Ermengarde.Celestine@yopmail.com
Roxane,Emmy,Roxane.Emmy@yopmail.com
Paule,Letsou,Paule.Letsou@yopmail.com
Theodora,Frendel,Theodora.Frendel@yopmail.com
Philis,Bibi,Philis.Bibi@yopmail.com
Lanae,Mauer,Lanae.Mauer@yopmail.com
Margarette,Carleen,Margarette.Carleen@yopmail.com
Allyce,Ethban,Allyce.Ethban@yopmail.com
Robinia,Auberbach,Robinia.Auberbach@yopmail.com
Laure,Eachern,Laure.Eachern@yopmail.com
Henriette,Aida,Henriette.Aida@yopmail.com
Daune,Carlson,Daune.Carlson@yopmail.com
Daryl,Kolnick,Daryl.Kolnick@yopmail.com
Mariele,Neva,Mariele.Neva@yopmail.com
Eugine,Poppy,Eugine.Poppy@yopmail.com
Marnia,Quinn,Marnia.Quinn@yopmail.com
Gianina,Margarete,Gianina.Margarete@yopmail.com
Wilma,Merna,Wilma.Merna@yopmail.com
Heida,Shields,Heida.Shields@yopmail.com
Krystle,Chapland,Krystle.Chapland@yopmail.com
Dari,Federica,Dari.Federica@yopmail.com
Jerry,Solitta,Jerry.Solitta@yopmail.com
Penelopa,Hessler,Penelopa.Hessler@yopmail.com
Nananne,Pitt,Nananne.Pitt@yopmail.com
Alejandra,Erskine,Alejandra.Erskine@yopmail.com
Grier,Weaks,Grier.Weaks@yopmail.com
Morganica,Wallis,Morganica.Wallis@yopmail.com
Dacia,Trinetta,Dacia.Trinetta@yopmail.com
Agnese,Elo,Agnese.Elo@yopmail.com
Hyacinthe,Bearnard,Hyacinthe.Bearnard@yopmail.com
Joeann,Breed,Joeann.Breed@yopmail.com
Agnese,Geffner,Agnese.Geffner@yopmail.com
Jan,Gladstone,Jan.Gladstone@yopmail.com
Ebonee,Travax,Ebonee.Travax@yopmail.com
Stephanie,Alarise,Stephanie.Alarise@yopmail.com
Clementine,Arathorn,Clementine.Arathorn@yopmail.com
Max,Melleta,Max.Melleta@yopmail.com
Gavrielle,Vernier,Gavrielle.Vernier@yopmail.com
Nelle,Allys,Nelle.Allys@yopmail.com
Winifred,Haerr,Winifred.Haerr@yopmail.com
Paulita,Donoghue,Paulita.Donoghue@yopmail.com
Debee,Richers,Debee.Richers@yopmail.com
Glynnis,Therine,Glynnis.Therine@yopmail.com
Dagmar,Revkah,Dagmar.Revkah@yopmail.com
Monika,Maribeth,Monika.Maribeth@yopmail.com
Rori,Weaks,Rori.Weaks@yopmail.com
Sherrie,Maxi,Sherrie.Maxi@yopmail.com
Deirdre,Ochs,Deirdre.Ochs@yopmail.com
Ellette,Rolf,Ellette.Rolf@yopmail.com
Perry,Kendrick,Perry.Kendrick@yopmail.com
Eolanda,Salchunas,Eolanda.Salchunas@yopmail.com
Aryn,Vivle,Aryn.Vivle@yopmail.com
Barbi,Yorick,Barbi.Yorick@yopmail.com
Inga,Harday,Inga.Harday@yopmail.com
Ellette,Konyn,Ellette.Konyn@yopmail.com
Aigneis,Loleta,Aigneis.Loleta@yopmail.com
Lenna,Thunell,Lenna.Thunell@yopmail.com
Janenna,Ahab,Janenna.Ahab@yopmail.com
Christy,Sheng,Christy.Sheng@yopmail.com
Ronna,Dannye,Ronna.Dannye@yopmail.com
Candi,Whittaker,Candi.Whittaker@yopmail.com
Farrah,Shaver,Farrah.Shaver@yopmail.com
Carol-Jean,Buckler,Carol-Jean.Buckler@yopmail.com
Kenna,Palocz,Kenna.Palocz@yopmail.com
Gratia,Rolf,Gratia.Rolf@yopmail.com
Ana,Rogerio,Ana.Rogerio@yopmail.com
Kial,Masao,Kial.Masao@yopmail.com
Regina,Harned,Regina.Harned@yopmail.com
Valeda,Sallyann,Valeda.Sallyann@yopmail.com
Tonia,Burch,Tonia.Burch@yopmail.com
Constance,Bury,Constance.Bury@yopmail.com
Vanessa,Soneson,Vanessa.Soneson@yopmail.com
Ottilie,Penelopa,Ottilie.Penelopa@yopmail.com
Fanny,Curren,Fanny.Curren@yopmail.com
Karly,Koziara,Karly.Koziara@yopmail.com
Kial,Rodmann,Kial.Rodmann@yopmail.com
Donnie,Alice,Donnie.Alice@yopmail.com
Debee,Sammons,Debee.Sammons@yopmail.com
Claudina,Oriana,Claudina.Oriana@yopmail.com
Giustina,Shanley,Giustina.Shanley@yopmail.com
Jennica,Fink,Jennica.Fink@yopmail.com
Kathy,Wu,Kathy.Wu@yopmail.com
Trixi,Ashok,Trixi.Ashok@yopmail.com
Moyna,Camden,Moyna.Camden@yopmail.com
Morganica,Cath,Morganica.Cath@yopmail.com
Aeriela,O'Rourke,Aeriela.O'Rourke@yopmail.com
Lulita,Jary,Lulita.Jary@yopmail.com
Joleen,Guthrie,Joleen.Guthrie@yopmail.com
Alisha,Faso,Alisha.Faso@yopmail.com
Chere,Bonucci,Chere.Bonucci@yopmail.com
Delilah,Franza,Delilah.Franza@yopmail.com
Sherrie,Juliet,Sherrie.Juliet@yopmail.com
Maud,Olin,Maud.Olin@yopmail.com
Blake,Moina,Blake.Moina@yopmail.com
Joceline,Irmine,Joceline.Irmine@yopmail.com
Kerrin,Richers,Kerrin.Richers@yopmail.com
Lynde,Goldina,Lynde.Goldina@yopmail.com
Henriette,Sholley,Henriette.Sholley@yopmail.com
Brandise,Kronfeld,Brandise.Kronfeld@yopmail.com
Cherrita,Ball,Cherrita.Ball@yopmail.com
Linzy,Viddah,Linzy.Viddah@yopmail.com
Janenna,Grosz,Janenna.Grosz@yopmail.com
Christy,Isacco,Christy.Isacco@yopmail.com
Sandie,Calhoun,Sandie.Calhoun@yopmail.com
Elise,Emmaline,Elise.Emmaline@yopmail.com
Damaris,Rossner,Damaris.Rossner@yopmail.com
Jennica,Grimbly,Jennica.Grimbly@yopmail.com
Renie,Parette,Renie.Parette@yopmail.com
Annabela,Palocz,Annabela.Palocz@yopmail.com
Cristine,Hazlett,Cristine.Hazlett@yopmail.com
Elsie,Allys,Elsie.Allys@yopmail.com
Kary,Wenoa,Kary.Wenoa@yopmail.com
Judy,Kussell,Judy.Kussell@yopmail.com
Lila,Kare,Lila.Kare@yopmail.com
Calla,Etom,Calla.Etom@yopmail.com
Gretal,Burnside,Gretal.Burnside@yopmail.com
Cyndie,Linskey,Cyndie.Linskey@yopmail.com
Meg,Toor,Meg.Toor@yopmail.com
Wilma,Anestassia,Wilma.Anestassia@yopmail.com
Carmencita,Carolin,Carmencita.Carolin@yopmail.com
Petronia,Erb,Petronia.Erb@yopmail.com
Asia,Burkle,Asia.Burkle@yopmail.com
Annabela,Delp,Annabela.Delp@yopmail.com
Berget,August,Berget.August@yopmail.com
Ida,Talia,Ida.Talia@yopmail.com
Krystle,Nester,Krystle.Nester@yopmail.com
Hope,Pip,Hope.Pip@yopmail.com
Berget,Obed,Berget.Obed@yopmail.com
Lizzie,Liebermann,Lizzie.Liebermann@yopmail.com
Tera,Ball,Tera.Ball@yopmail.com
Ofilia,Kunin,Ofilia.Kunin@yopmail.com
Catrina,Aldric,Catrina.Aldric@yopmail.com
Hildegaard,Margret,Hildegaard.Margret@yopmail.com
Rhea,Birdella,Rhea.Birdella@yopmail.com
Deloria,Secrest,Deloria.Secrest@yopmail.com
Aigneis,Niccolo,Aigneis.Niccolo@yopmail.com
Sandie,Abram,Sandie.Abram@yopmail.com
Kristan,Cavan,Kristan.Cavan@yopmail.com
Tani,Haerr,Tani.Haerr@yopmail.com
Alex,Diogenes,Alex.Diogenes@yopmail.com
Margalo,Jaylene,Margalo.Jaylene@yopmail.com
Grier,Ivens,Grier.Ivens@yopmail.com
Bill,Orelee,Bill.Orelee@yopmail.com
Ninnetta,Eliathas,Ninnetta.Eliathas@yopmail.com
Vita,Codding,Vita.Codding@yopmail.com
Babita,Longfellow,Babita.Longfellow@yopmail.com
Emma,Alva,Emma.Alva@yopmail.com
Carilyn,Hashim,Carilyn.Hashim@yopmail.com
Lolita,Viddah,Lolita.Viddah@yopmail.com
Hildegaard,Alfons,Hildegaard.Alfons@yopmail.com
Alejandra,Redmond,Alejandra.Redmond@yopmail.com
Wilma,Bigner,Wilma.Bigner@yopmail.com
Asia,Blake,Asia.Blake@yopmail.com
Emilia,Couture,Emilia.Couture@yopmail.com
Leia,Burch,Leia.Burch@yopmail.com
Bobinette,Sprage,Bobinette.Sprage@yopmail.com
Sadie,Ricarda,Sadie.Ricarda@yopmail.com
Isa,Zenas,Isa.Zenas@yopmail.com
Anica,Uund,Anica.Uund@yopmail.com
Quintina,Leler,Quintina.Leler@yopmail.com
Rochette,Lea,Rochette.Lea@yopmail.com
Sindee,Helfand,Sindee.Helfand@yopmail.com
Bertine,Ulphia,Bertine.Ulphia@yopmail.com
Natka,Skell,Natka.Skell@yopmail.com
Chickie,Natalia,Chickie.Natalia@yopmail.com
Maridel,Helve,Maridel.Helve@yopmail.com
Moyna,Markman,Moyna.Markman@yopmail.com
Berget,Margarete,Berget.Margarete@yopmail.com
Ronna,Lauraine,Ronna.Lauraine@yopmail.com
Gwenneth,Vacuva,Gwenneth.Vacuva@yopmail.com
Frances,Oriana,Frances.Oriana@yopmail.com
Marcy,Hoban,Marcy.Hoban@yopmail.com
Susan,Felecia,Susan.Felecia@yopmail.com
Ethel,Melan,Ethel.Melan@yopmail.com
Darlleen,Turne,Darlleen.Turne@yopmail.com
Chere,Granoff,Chere.Granoff@yopmail.com
Marnia,Bevin,Marnia.Bevin@yopmail.com
Ruthe,Elsinore,Ruthe.Elsinore@yopmail.com
Jorry,Burnside,Jorry.Burnside@yopmail.com
Corry,Greyson,Corry.Greyson@yopmail.com
Renae,Faust,Renae.Faust@yopmail.com
Sherrie,Azeria,Sherrie.Azeria@yopmail.com
Atlanta,Haymes,Atlanta.Haymes@yopmail.com
Dorice,Yate,Dorice.Yate@yopmail.com
Ileana,Kronfeld,Ileana.Kronfeld@yopmail.com
Carolina,Sinegold,Carolina.Sinegold@yopmail.com
Jessamyn,Tayib,Jessamyn.Tayib@yopmail.com
Petronia,Cyrie,Petronia.Cyrie@yopmail.com
Gilligan,Howlyn,Gilligan.Howlyn@yopmail.com
Allyce,Ortrude,Allyce.Ortrude@yopmail.com
Tracey,Lymann,Tracey.Lymann@yopmail.com
Caritta,Doig,Caritta.Doig@yopmail.com
Jinny,Edvard,Jinny.Edvard@yopmail.com
Bill,Carleen,Bill.Carleen@yopmail.com
Aili,Rogerio,Aili.Rogerio@yopmail.com
Hollie,Myrilla,Hollie.Myrilla@yopmail.com
Cyndie,Faso,Cyndie.Faso@yopmail.com
Jessamyn,Vorster,Jessamyn.Vorster@yopmail.com
Gabi,Xerxes,Gabi.Xerxes@yopmail.com
Agathe,Screens,Agathe.Screens@yopmail.com
Merrie,Thar,Merrie.Thar@yopmail.com
Giustina,Medrek,Giustina.Medrek@yopmail.com
Jillayne,Robertson,Jillayne.Robertson@yopmail.com
Vonny,Jagir,Vonny.Jagir@yopmail.com
Kaia,Gavrila,Kaia.Gavrila@yopmail.com
Elfreda,Yorick,Elfreda.Yorick@yopmail.com
Ethel,Skurnik,Ethel.Skurnik@yopmail.com
Lusa,Natalia,Lusa.Natalia@yopmail.com
Elka,Codding,Elka.Codding@yopmail.com
Dolli,Skell,Dolli.Skell@yopmail.com
Romona,Jammal,Romona.Jammal@yopmail.com
Tarra,Kamaria,Tarra.Kamaria@yopmail.com
Tressa,Bach,Tressa.Bach@yopmail.com
Margette,Cadmar,Margette.Cadmar@yopmail.com
Anica,Grayce,Anica.Grayce@yopmail.com
Yvonne,Kannry,Yvonne.Kannry@yopmail.com
Bernie,Elisha,Bernie.Elisha@yopmail.com
Quintina,Chrystel,Quintina.Chrystel@yopmail.com
Bernardine,Waldron,Bernardine.Waldron@yopmail.com
Aaren,Ummersen,Aaren.Ummersen@yopmail.com
Tatiania,Frendel,Tatiania.Frendel@yopmail.com
Livvyy,Emmaline,Livvyy.Emmaline@yopmail.com
Celestyna,Cassius,Celestyna.Cassius@yopmail.com
Brynna,Federica,Brynna.Federica@yopmail.com
Magdalena,Noman,Magdalena.Noman@yopmail.com
Delilah,Ovid,Delilah.Ovid@yopmail.com
Brianna,Bettine,Brianna.Bettine@yopmail.com
Linzy,Docilla,Linzy.Docilla@yopmail.com
Elbertina,Leffen,Elbertina.Leffen@yopmail.com
Imojean,McGrody,Imojean.McGrody@yopmail.com
Katleen,Manolo,Katleen.Manolo@yopmail.com
Sara-Ann,Raseda,Sara-Ann.Raseda@yopmail.com
Verla,Autrey,Verla.Autrey@yopmail.com
Genovera,Bartlett,Genovera.Bartlett@yopmail.com
Minda,Egbert,Minda.Egbert@yopmail.com
Zondra,Jenness,Zondra.Jenness@yopmail.com
Cherrita,An,Cherrita.An@yopmail.com
Merry,Kylander,Merry.Kylander@yopmail.com
Daryl,Charmine,Daryl.Charmine@yopmail.com
Allyce,Nikaniki,Allyce.Nikaniki@yopmail.com
Marsiella,Fry,Marsiella.Fry@yopmail.com
Lyssa,Iiette,Lyssa.Iiette@yopmail.com
Louella,Montgomery,Louella.Montgomery@yopmail.com
Elise,Jammal,Elise.Jammal@yopmail.com
Kerrin,Read,Kerrin.Read@yopmail.com
Lita,Center,Lita.Center@yopmail.com
June,O'Neill,June.O'Neill@yopmail.com
Genovera,Alejoa,Genovera.Alejoa@yopmail.com
Aurelie,Hanleigh,Aurelie.Hanleigh@yopmail.com
Calla,Boehike,Calla.Boehike@yopmail.com
Annora,Ogren,Annora.Ogren@yopmail.com
Mallory,Linehan,Mallory.Linehan@yopmail.com
Michaelina,Burkle,Michaelina.Burkle@yopmail.com
Jere,Ludewig,Jere.Ludewig@yopmail.com
Consuela,Cloris,Consuela.Cloris@yopmail.com
Roslyn,Ailyn,Roslyn.Ailyn@yopmail.com
Fanny,Chinua,Fanny.Chinua@yopmail.com
Adore,Selway,Adore.Selway@yopmail.com
Eve,Angelis,Eve.Angelis@yopmail.com
Chere,Lasley,Chere.Lasley@yopmail.com
Moyna,Kirbee,Moyna.Kirbee@yopmail.com
Brena,Lytton,Brena.Lytton@yopmail.com
Magdalena,Tatianas,Magdalena.Tatianas@yopmail.com
Heida,Bow,Heida.Bow@yopmail.com
Rozele,Ezar,Rozele.Ezar@yopmail.com
Juliane,Nadia,Juliane.Nadia@yopmail.com
Bobbi,Philipp,Bobbi.Philipp@yopmail.com
Marita,Ezar,Marita.Ezar@yopmail.com
Cathyleen,Vale,Cathyleen.Vale@yopmail.com
Nannie,Giff,Nannie.Giff@yopmail.com
Jennica,Edvard,Jennica.Edvard@yopmail.com
Averyl,Thunell,Averyl.Thunell@yopmail.com
Tarra,Chauncey,Tarra.Chauncey@yopmail.com
Mellicent,Merna,Mellicent.Merna@yopmail.com
Emylee,Guthrie,Emylee.Guthrie@yopmail.com
June,Dimitris,June.Dimitris@yopmail.com
Tressa,Alfons,Tressa.Alfons@yopmail.com
Marcy,Syd,Marcy.Syd@yopmail.com
Lexine,Drus,Lexine.Drus@yopmail.com
Mathilda,Weitman,Mathilda.Weitman@yopmail.com
Deedee,Adore,Deedee.Adore@yopmail.com
Drucie,Sadowski,Drucie.Sadowski@yopmail.com
Ardys,Peonir,Ardys.Peonir@yopmail.com
Chastity,Brian,Chastity.Brian@yopmail.com
Lusa,Cecile,Lusa.Cecile@yopmail.com
Tatiania,Ammann,Tatiania.Ammann@yopmail.com
Hollie,Linehan,Hollie.Linehan@yopmail.com
Carol-Jean,Gherardo,Carol-Jean.Gherardo@yopmail.com
Maurene,Ralfston,Maurene.Ralfston@yopmail.com
Ginnie,Albertine,Ginnie.Albertine@yopmail.com
Betta,Larochelle,Betta.Larochelle@yopmail.com
Esmeralda,Erminia,Esmeralda.Erminia@yopmail.com
Beatriz,Myrilla,Beatriz.Myrilla@yopmail.com
Renae,Septima,Renae.Septima@yopmail.com
Cassondra,Goldina,Cassondra.Goldina@yopmail.com
Candy,Nester,Candy.Nester@yopmail.com
Tybie,Dudley,Tybie.Dudley@yopmail.com
Ingrid,Keily,Ingrid.Keily@yopmail.com
Thalia,Berard,Thalia.Berard@yopmail.com
Barbi,Agle,Barbi.Agle@yopmail.com
Stephanie,Gower,Stephanie.Gower@yopmail.com
Sonni,Dash,Sonni.Dash@yopmail.com
Roberta,Juan,Roberta.Juan@yopmail.com
Miquela,Chesna,Miquela.Chesna@yopmail.com
Rubie,Han,Rubie.Han@yopmail.com
Margalo,Pelagias,Margalo.Pelagias@yopmail.com
Clementine,Yusuk,Clementine.Yusuk@yopmail.com
Maryellen,Lory,Maryellen.Lory@yopmail.com
Belva,Carmena,Belva.Carmena@yopmail.com
Lorenza,Winthorpe,Lorenza.Winthorpe@yopmail.com
Viviene,Wesle,Viviene.Wesle@yopmail.com
Dede,Helfand,Dede.Helfand@yopmail.com
Allis,Schalles,Allis.Schalles@yopmail.com
Evaleen,Cherianne,Evaleen.Cherianne@yopmail.com
Ana,Rosemary,Ana.Rosemary@yopmail.com
Sadie,Eno,Sadie.Eno@yopmail.com
Ginnie,Jethro,Ginnie.Jethro@yopmail.com
Wynne,Pierette,Wynne.Pierette@yopmail.com
Veda,Tound,Veda.Tound@yopmail.com
Danny,Stacy,Danny.Stacy@yopmail.com
Ardys,Ventre,Ardys.Ventre@yopmail.com
Dulcinea,Hurley,Dulcinea.Hurley@yopmail.com
Goldie,Masao,Goldie.Masao@yopmail.com
Danny,Nester,Danny.Nester@yopmail.com
Anestassia,Gilmour,Anestassia.Gilmour@yopmail.com
Claresta,Weaks,Claresta.Weaks@yopmail.com
Vivia,Gibbeon,Vivia.Gibbeon@yopmail.com
Melisent,Honoria,Melisent.Honoria@yopmail.com
Mara,Aprile,Mara.Aprile@yopmail.com
Alameda,Graig,Alameda.Graig@yopmail.com
Dorice,Aaberg,Dorice.Aaberg@yopmail.com
Jobi,Voletta,Jobi.Voletta@yopmail.com
Romona,Munn,Romona.Munn@yopmail.com
Rochette,Chapland,Rochette.Chapland@yopmail.com
Consuela,Ball,Consuela.Ball@yopmail.com
Ann-Marie,Azeria,Ann-Marie.Azeria@yopmail.com
Felice,Giff,Felice.Giff@yopmail.com
Esmeralda,Leler,Esmeralda.Leler@yopmail.com
Flo,Olnee,Flo.Olnee@yopmail.com
Lacie,Grimbly,Lacie.Grimbly@yopmail.com
Clementine,Giff,Clementine.Giff@yopmail.com
Robinia,Pandolfi,Robinia.Pandolfi@yopmail.com
Phylis,Shanley,Phylis.Shanley@yopmail.com
Sharlene,Jobi,Sharlene.Jobi@yopmail.com
Lynea,Matthew,Lynea.Matthew@yopmail.com
Annecorinne,Bertold,Annecorinne.Bertold@yopmail.com
Gusty,Ezar,Gusty.Ezar@yopmail.com
Gabi,Ricki,Gabi.Ricki@yopmail.com
Marcy,Stoller,Marcy.Stoller@yopmail.com
Marline,Jagir,Marline.Jagir@yopmail.com
Glenda,Chobot,Glenda.Chobot@yopmail.com
Dode,Gregrory,Dode.Gregrory@yopmail.com
Blinni,Mozelle,Blinni.Mozelle@yopmail.com
Misha,Honoria,Misha.Honoria@yopmail.com
Melodie,Thilda,Melodie.Thilda@yopmail.com
Frances,Angelis,Frances.Angelis@yopmail.com
Kara-Lynn,Rudolph,Kara-Lynn.Rudolph@yopmail.com
Kathi,Cyrie,Kathi.Cyrie@yopmail.com
Luci,Graig,Luci.Graig@yopmail.com
Amalie,Philoo,Amalie.Philoo@yopmail.com
Ardeen,Leary,Ardeen.Leary@yopmail.com
Demetris,Connelly,Demetris.Connelly@yopmail.com
Merry,Zola,Merry.Zola@yopmail.com
Anestassia,Penelopa,Anestassia.Penelopa@yopmail.com
Adele,Emmaline,Adele.Emmaline@yopmail.com
Ardys,Oscar,Ardys.Oscar@yopmail.com
Collen,Gerge,Collen.Gerge@yopmail.com
Damaris,Dorine,Damaris.Dorine@yopmail.com
Vonny,Sherrie,Vonny.Sherrie@yopmail.com
Belinda,Christine,Belinda.Christine@yopmail.com
Ezmeralda,Faro,Ezmeralda.Faro@yopmail.com
Tiffie,Kalinda,Tiffie.Kalinda@yopmail.com
Cissiee,Chesna,Cissiee.Chesna@yopmail.com
Bertine,Kenwood,Bertine.Kenwood@yopmail.com
Ana,Sothena,Ana.Sothena@yopmail.com
Nelle,Kiersten,Nelle.Kiersten@yopmail.com
Pamella,Rodmann,Pamella.Rodmann@yopmail.com
Lexine,Woodberry,Lexine.Woodberry@yopmail.com
Angelique,Percy,Angelique.Percy@yopmail.com
Heddie,Diann,Heddie.Diann@yopmail.com
Lynea,Burch,Lynea.Burch@yopmail.com
Donnie,Karna,Donnie.Karna@yopmail.com
Ermengarde,Pacorro,Ermengarde.Pacorro@yopmail.com
Nataline,McClimans,Nataline.McClimans@yopmail.com
Magdalena,Gwenore,Magdalena.Gwenore@yopmail.com
Katharina,Sancho,Katharina.Sancho@yopmail.com
Linzy,Claudine,Linzy.Claudine@yopmail.com
Millie,Morehouse,Millie.Morehouse@yopmail.com
Ilse,Yerkovich,Ilse.Yerkovich@yopmail.com
Adele,Eliathas,Adele.Eliathas@yopmail.com
Gloria,Denis,Gloria.Denis@yopmail.com
Christal,Firmin,Christal.Firmin@yopmail.com
Deloria,Linehan,Deloria.Linehan@yopmail.com
Rochette,Pulsifer,Rochette.Pulsifer@yopmail.com
Madeleine,Whittaker,Madeleine.Whittaker@yopmail.com
Tilly,Fax,Tilly.Fax@yopmail.com
Elise,Ball,Elise.Ball@yopmail.com
Nannie,Havens,Nannie.Havens@yopmail.com
Meghann,Kaete,Meghann.Kaete@yopmail.com
Dode,Odysseus,Dode.Odysseus@yopmail.com
Orelia,Bord,Orelia.Bord@yopmail.com
Jacquetta,Morehouse,Jacquetta.Morehouse@yopmail.com
Kathi,Schenck,Kathi.Schenck@yopmail.com
Reeba,Buttaro,Reeba.Buttaro@yopmail.com
Libbie,Germann,Libbie.Germann@yopmail.com
Livvyy,Sprage,Livvyy.Sprage@yopmail.com
Kenna,Phi,Kenna.Phi@yopmail.com
Chickie,Moina,Chickie.Moina@yopmail.com
Lilith,Karl,Lilith.Karl@yopmail.com
Veda,Leary,Veda.Leary@yopmail.com
Jan,Dunkin,Jan.Dunkin@yopmail.com
Genevra,Kosey,Genevra.Kosey@yopmail.com
Marita,Sholley,Marita.Sholley@yopmail.com
Isa,Emerson,Isa.Emerson@yopmail.com
Lily,Dunkin,Lily.Dunkin@yopmail.com
Kara-Lynn,Salvidor,Kara-Lynn.Salvidor@yopmail.com
Cacilie,Ciapas,Cacilie.Ciapas@yopmail.com
Meriel,Bigner,Meriel.Bigner@yopmail.com
Corly,Koziara,Corly.Koziara@yopmail.com
Cristabel,Cecile,Cristabel.Cecile@yopmail.com
Gale,Ricki,Gale.Ricki@yopmail.com
Beth,Kaja,Beth.Kaja@yopmail.com
Hayley,Kazimir,Hayley.Kazimir@yopmail.com
Codie,Smitt,Codie.Smitt@yopmail.com
Elfreda,Alfons,Elfreda.Alfons@yopmail.com
Harmonia,Lia,Harmonia.Lia@yopmail.com
Alameda,Ulphia,Alameda.Ulphia@yopmail.com
Claresta,Atonsah,Claresta.Atonsah@yopmail.com
Beatriz,Birdella,Beatriz.Birdella@yopmail.com
Bibby,Geffner,Bibby.Geffner@yopmail.com
Meriel,Kimmie,Meriel.Kimmie@yopmail.com
Susan,Shama,Susan.Shama@yopmail.com
Cindelyn,Ries,Cindelyn.Ries@yopmail.com
Valli,Cleo,Valli.Cleo@yopmail.com
Bibby,Verger,Bibby.Verger@yopmail.com
Courtnay,Zitvaa,Courtnay.Zitvaa@yopmail.com
Winny,Edvard,Winny.Edvard@yopmail.com
Jinny,Charity,Jinny.Charity@yopmail.com
Rosene,Salvidor,Rosene.Salvidor@yopmail.com
Nelle,Gamaliel,Nelle.Gamaliel@yopmail.com
Sybille,Kamaria,Sybille.Kamaria@yopmail.com
Tarra,Tatianas,Tarra.Tatianas@yopmail.com
Eolanda,Berard,Eolanda.Berard@yopmail.com
Sam,Ailyn,Sam.Ailyn@yopmail.com
Aili,Havens,Aili.Havens@yopmail.com
Iseabal,Erskine,Iseabal.Erskine@yopmail.com
Donnie,Ajay,Donnie.Ajay@yopmail.com
Marika,Gusella,Marika.Gusella@yopmail.com
Emmey,Mitzi,Emmey.Mitzi@yopmail.com
Lilith,Kare,Lilith.Kare@yopmail.com
Alisha,Alexandr,Alisha.Alexandr@yopmail.com
Lorie,Barney,Lorie.Barney@yopmail.com
Gerianna,Kermit,Gerianna.Kermit@yopmail.com
Corry,Alejoa,Corry.Alejoa@yopmail.com
Ashlee,Alejoa,Ashlee.Alejoa@yopmail.com
Maurene,Fax,Maurene.Fax@yopmail.com
Iseabal,Mullane,Iseabal.Mullane@yopmail.com
Joane,Posner,Joane.Posner@yopmail.com
Myrtice,Chapland,Myrtice.Chapland@yopmail.com
Lilith,Thar,Lilith.Thar@yopmail.com
Genevra,Voletta,Genevra.Voletta@yopmail.com
Eadie,Dowski,Eadie.Dowski@yopmail.com
Angela,Ivens,Angela.Ivens@yopmail.com
Hope,Tice,Hope.Tice@yopmail.com
Harmonia,Ricki,Harmonia.Ricki@yopmail.com
Candi,Presber,Candi.Presber@yopmail.com
Shell,Havens,Shell.Havens@yopmail.com
Alex,Leffen,Alex.Leffen@yopmail.com
Tarra,Monk,Tarra.Monk@yopmail.com
Annabela,Larochelle,Annabela.Larochelle@yopmail.com
Magdalena,Kiyoshi,Magdalena.Kiyoshi@yopmail.com
Justinn,Urias,Justinn.Urias@yopmail.com
Binny,Turne,Binny.Turne@yopmail.com
Donnie,Sibyls,Donnie.Sibyls@yopmail.com
Mildrid,Durante,Mildrid.Durante@yopmail.com
Vinita,Maiah,Vinita.Maiah@yopmail.com
Fanny,Kazimir,Fanny.Kazimir@yopmail.com
Rosabelle,Kylander,Rosabelle.Kylander@yopmail.com
Xylina,Gert,Xylina.Gert@yopmail.com
Lexine,Eno,Lexine.Eno@yopmail.com
Rosaline,Ricarda,Rosaline.Ricarda@yopmail.com
Nicoli,Dielu,Nicoli.Dielu@yopmail.com
Livvyy,Ader,Livvyy.Ader@yopmail.com
Fawne,Bari,Fawne.Bari@yopmail.com
Theodora,Adrienne,Theodora.Adrienne@yopmail.com
Renie,Juan,Renie.Juan@yopmail.com
Chastity,Danby,Chastity.Danby@yopmail.com
Janeczka,Engdahl,Janeczka.Engdahl@yopmail.com
Atlanta,Seumas,Atlanta.Seumas@yopmail.com
Dale,Janene,Dale.Janene@yopmail.com
Rosene,My,Rosene.My@yopmail.com
Aigneis,Shuler,Aigneis.Shuler@yopmail.com
Jemie,Serilda,Jemie.Serilda@yopmail.com
Tina,Alarise,Tina.Alarise@yopmail.com
Dominga,Albertine,Dominga.Albertine@yopmail.com
Alyda,Luhe,Alyda.Luhe@yopmail.com
Lanna,Brittani,Lanna.Brittani@yopmail.com
Millie,Vale,Millie.Vale@yopmail.com
Merci,Ciapas,Merci.Ciapas@yopmail.com
Gavrielle,Kazimir,Gavrielle.Kazimir@yopmail.com
Kaja,Kenney,Kaja.Kenney@yopmail.com
Mellicent,Ardra,Mellicent.Ardra@yopmail.com
Alleen,Shanley,Alleen.Shanley@yopmail.com
Ofilia,Olympium,Ofilia.Olympium@yopmail.com
Nelle,Salvidor,Nelle.Salvidor@yopmail.com
Raina,Callista,Raina.Callista@yopmail.com
Winny,Kalinda,Winny.Kalinda@yopmail.com
Rhea,Fabiola,Rhea.Fabiola@yopmail.com
Nollie,Stacy,Nollie.Stacy@yopmail.com
Joceline,Gilbertson,Joceline.Gilbertson@yopmail.com
Modestia,Amethist,Modestia.Amethist@yopmail.com
Elfreda,MacIntosh,Elfreda.MacIntosh@yopmail.com
Lynnea,Monk,Lynnea.Monk@yopmail.com
Amii,Ammann,Amii.Ammann@yopmail.com
Oralee,Clie,Oralee.Clie@yopmail.com
Lusa,Donell,Lusa.Donell@yopmail.com
Agathe,Fillbert,Agathe.Fillbert@yopmail.com
Linet,Dalli,Linet.Dalli@yopmail.com
Zondra,Pyle,Zondra.Pyle@yopmail.com
Brietta,Argus,Brietta.Argus@yopmail.com
Vita,Bashemeth,Vita.Bashemeth@yopmail.com
Collen,Gaal,Collen.Gaal@yopmail.com
Ebonee,Salvidor,Ebonee.Salvidor@yopmail.com
Chere,Chapland,Chere.Chapland@yopmail.com
Emelina,Hilbert,Emelina.Hilbert@yopmail.com
Dacia,Hollingsworth,Dacia.Hollingsworth@yopmail.com
Raquela,Leary,Raquela.Leary@yopmail.com
Mireielle,Trace,Mireielle.Trace@yopmail.com
Aaren,Amand,Aaren.Amand@yopmail.com
Lory,Gusella,Lory.Gusella@yopmail.com
Glenda,Gladstone,Glenda.Gladstone@yopmail.com
Coral,Millda,Coral.Millda@yopmail.com
Addia,Bari,Addia.Bari@yopmail.com
Kalina,Etom,Kalina.Etom@yopmail.com
Althea,Franza,Althea.Franza@yopmail.com
Cordi,Amand,Cordi.Amand@yopmail.com
Dagmar,Hanleigh,Dagmar.Hanleigh@yopmail.com
Catrina,Seagraves,Catrina.Seagraves@yopmail.com
Jessy,Stuart,Jessy.Stuart@yopmail.com
Almeta,Isidore,Almeta.Isidore@yopmail.com
Annecorinne,Katrine,Annecorinne.Katrine@yopmail.com
Tressa,Dituri,Tressa.Dituri@yopmail.com
Pierette,Carolin,Pierette.Carolin@yopmail.com
Cherilyn,Ulphia,Cherilyn.Ulphia@yopmail.com
Vere,Boehike,Vere.Boehike@yopmail.com
Hildegaard,Kylander,Hildegaard.Kylander@yopmail.com
Dorene,Haldas,Dorene.Haldas@yopmail.com
Carol-Jean,Allare,Carol-Jean.Allare@yopmail.com
Ardys,Bendick,Ardys.Bendick@yopmail.com
Wileen,Devlen,Wileen.Devlen@yopmail.com
Kamilah,Trey,Kamilah.Trey@yopmail.com
Juliane,Joseph,Juliane.Joseph@yopmail.com
Atlanta,McClimans,Atlanta.McClimans@yopmail.com
Elise,Read,Elise.Read@yopmail.com
Letizia,Terrence,Letizia.Terrence@yopmail.com
Carilyn,Docilla,Carilyn.Docilla@yopmail.com
Asia,Jary,Asia.Jary@yopmail.com
Leontine,Amasa,Leontine.Amasa@yopmail.com
Chere,Daniele,Chere.Daniele@yopmail.com
Zsa Zsa,O'Carroll,Zsa Zsa.O'Carroll@yopmail.com
Josephine,Stuart,Josephine.Stuart@yopmail.com
Lorne,Bakerman,Lorne.Bakerman@yopmail.com
Jaclyn,Docilla,Jaclyn.Docilla@yopmail.com
Aryn,Mayeda,Aryn.Mayeda@yopmail.com
Ashlee,Kannry,Ashlee.Kannry@yopmail.com
Jan,Weinreb,Jan.Weinreb@yopmail.com
Ayn,Atcliffe,Ayn.Atcliffe@yopmail.com
Kalina,Colleen,Kalina.Colleen@yopmail.com
Emylee,Charmine,Emylee.Charmine@yopmail.com
Ellette,Riordan,Ellette.Riordan@yopmail.com
Dianemarie,Atonsah,Dianemarie.Atonsah@yopmail.com
Brianna,Faro,Brianna.Faro@yopmail.com
Amii,Ventre,Amii.Ventre@yopmail.com
Nikki,Obed,Nikki.Obed@yopmail.com
Lanae,Hanshaw,Lanae.Hanshaw@yopmail.com
Inga,Clarissa,Inga.Clarissa@yopmail.com
Trixi,Mich,Trixi.Mich@yopmail.com
Codie,Wandie,Codie.Wandie@yopmail.com
Flo,Franza,Flo.Franza@yopmail.com
Anthia,Sidonius,Anthia.Sidonius@yopmail.com
Allyce,Wenda,Allyce.Wenda@yopmail.com
Eadie,Marlie,Eadie.Marlie@yopmail.com
Carilyn,Phyllis,Carilyn.Phyllis@yopmail.com
Dorene,Gower,Dorene.Gower@yopmail.com
Wendi,Saree,Wendi.Saree@yopmail.com
Johna,Croix,Johna.Croix@yopmail.com
Hettie,Dermott,Hettie.Dermott@yopmail.com
Misha,Carolin,Misha.Carolin@yopmail.com
Yetty,Dyche,Yetty.Dyche@yopmail.com
Trixi,Hieronymus,Trixi.Hieronymus@yopmail.com
Mildrid,Tound,Mildrid.Tound@yopmail.com
Jaime,Bahr,Jaime.Bahr@yopmail.com
Mahalia,Cath,Mahalia.Cath@yopmail.com
Randa,Macey,Randa.Macey@yopmail.com
Rosene,Iiette,Rosene.Iiette@yopmail.com
Camile,Narton,Camile.Narton@yopmail.com
Minda,Stanwood,Minda.Stanwood@yopmail.com
Dode,Alejoa,Dode.Alejoa@yopmail.com
Candy,Heisel,Candy.Heisel@yopmail.com
Berta,Beebe,Berta.Beebe@yopmail.com
Doro,Annice,Doro.Annice@yopmail.com
Ursulina,Estella,Ursulina.Estella@yopmail.com
Berta,Wesle,Berta.Wesle@yopmail.com
Maud,Lane,Maud.Lane@yopmail.com
Laurene,Borrell,Laurene.Borrell@yopmail.com
Caryl,Alice,Caryl.Alice@yopmail.com
Nerta,Chabot,Nerta.Chabot@yopmail.com
Gabi,Brotherson,Gabi.Brotherson@yopmail.com
Wynne,Burnside,Wynne.Burnside@yopmail.com
Minda,Yoko,Minda.Yoko@yopmail.com
Amara,Orlene,Amara.Orlene@yopmail.com
Lilith,Rhu,Lilith.Rhu@yopmail.com
Darlleen,Briney,Darlleen.Briney@yopmail.com
Dione,Faria,Dione.Faria@yopmail.com
Diena,Christal,Diena.Christal@yopmail.com
Thalia,Dulciana,Thalia.Dulciana@yopmail.com
Deedee,Mott,Deedee.Mott@yopmail.com
Evaleen,Marijo,Evaleen.Marijo@yopmail.com